longitude,latitude
-132.904833,13.448667
-17.0333,0.3667
-139.9535,10.6708
-140.0435,14.8698
-150.5833,-13.883
-145.9333,-9.8667
-137.7833,9.95
-169.733,19.117
-167.953,21.67
-164.362,8.33
-44.733,27.483
-44.367,27.3
-42.667,26.983
-50.75,23.4
-80.0,-29.36636
36.266656,-24.066392
36.73329,-29.099737
36.766645,-35.84973
35.349989,-32.916415
34.349968,-31.899736
34.81667,-33.01667
-120.287,32.747
-119.14,31.328
-56.4583,19.7433
-56.9267,22.4333
-51.0167,22.35
-37.2083,22.315
-32.06,22.31
-90.0,-6.0
-84.8833,-5.95
-83.4,-12.3633
-85.2617,-12.4167
-87.93,-12.4833
-86.7,-17.4667
-79.3583,-22.94
-78.9667,-26.9117
-78.9883,-30.3833
-54.697,9.492
-54.6967,9.4917
-37.16,22.308
-37.115,22.297
-37.051,22.251
-37.085,22.293
4.005,-31.482
4.037,-31.513
6.523,-31.533
6.5233,-31.5333
6.548,-31.552
8.395,-31.233
9.9867,-31.4817
10.032,-31.435
11.365,-31.5033
-154.95,-30.8167
-149.9667,-29.6
-86.0,-13.25
-142.4,-18.1
-144.0,-20.25
-146.5333,-18.9167
-147.1833,-18.4667
-126.95,28.3833
-139.7667,-8.2333
147.25,11.5833
-139.8,-8.8
-144.25,-12.3333
-145.7,-13.6167
-147.8833,-15.2167
-148.4167,-15.0233
-148.3133,-15.955
-148.4333,-16.1667
-145.7583,-17.2833
-146.533333,-18.916667
-73.1,37.4167
-83.4567,-15.65
-130.1717,-21.05
-130.8467,-18.49
-128.7667,-16.3383
-81.733333,6.35
-83.5717,-6.91
-85.593333,-8.491667
-85.5933,-8.4917
-87.5,-9.9267
-89.5833,-11.23
-84.3383,-11.925
-81.4,-14.4817
-89.4333,-18.785
-91.875,-20.04
-94.933333,-21.603333
-94.9333,-21.6033
-103.4883,-25.455
-105.7533,-26.5017
-102.4,-19.1917
-95.68,-10.2533
-94.0917,-7.7917
-94.091667,-7.791667
-98.9333,-5.1667
-101.28,-6.4967
-104.175,-8.125
-119.9833,-16.5417
-133.35,-22.185
-123.335,-9.035
-117.3,14.3833
-125.0833,15.0667
-123.683,19.4
-125.083,15.067
-127.417,8.517
-150.917,-22.583
-160.85,-11.85
-159.267,-11.667
-158.517,-11.583
-157.617,-11.417
-157.683,-7.5
-158.65,-5.933
-154.65,-5.817
-149.283,-11.433
-148.4,-12.4
-146.383,-12.867
-144.367,-11.983
-142.717,-5.967
-121.233,23.267
158.263,32.698
63.643,-18.343
60.803,-27.98
60.5117,-29.2097
70.4933,-11.0161
53.142,-2.04
95.178,-10.752
127.432,7.497
133.333,15.3
133.26,17.067
138.975,16.908
139.485,16.752
142.333,16.35
65.5783,-18.0411
-177.312,17.08
-176.085,17.785
-163.853,30.35
-163.372,29.555
-162.278,28.138
145.945,34.01
148.31,32.81
149.273,32.018
151.222,31.557
153.407,29.522
159.437,23.815
159.45,24.027
159.538,21.483
163.147,21.16
163.397,21.145
170.953,35.582
172.262,32.137
174.95,36.577
178.637,36.433
179.18,36.755
149.27333,32.01833
159.53833,21.48333
-24.018,-22.293
-24.077,-15.882
-41.8,-56.17
9.192,-53.147
-43.4166,31.8166
-59.116,30.616
-62.433,33.567
-62.425,33.6
-60.967,38.95
-61.017,38.9
-150.6,54.4417
-150.3483,54.3405
-150.3383,54.3697
-150.3363,54.3558
-148.50817,53.90183
-151.32467,54.939
-66.817,39.95
60.1667,2.9
-41.15,10.867
-41.367,10.65
-17.05,0.417
-37.583,7.85
-34.2,7.883
-34.083,8.067
-172.6825,-8.167
172.9527,3.9258
176.6865,-1.7128
19.967,-45.133
96.983,-55.867
97.033,-36.083
-117.367,14.573
-117.287,14.553
-114.09,13.402
-109.115,9.855
-108.968,10.258
-108.85,9.97
-108.793,10.402
-165.867,-14.25
8.167,-36.5
8.067,-36.483
-117.317,14.383
126.147,-48.77
-106.057,15.523
-106.315,13.642
-109.1,10.7
-109.758,11.678
-109.605,11.18
-108.542,10.727
-108.775,10.41
-110.002,11.87
-110.007,11.86
-114.083,13.368
-114.345,13.535
-117.258,14.53
-117.37,14.605
-117.27,14.547
-117.353,14.527
-117.32,14.533
-117.31,14.577
-117.303,14.557
-117.337,14.587
-117.36,14.612
-118.555,14.585
-120.748,15.093
-121.032,14.603
-176.667,-54.0002
-176.6668,-53.9932
-166.127,-35.8497
-151.19,9.038
-67.25,-60.033
-135.583,-19.883
-137.783333,9.85
177.7667,-21.4167
-161.3667,-16.7333
-158.6667,-17.4833
-143.55,-12.7667
-130.1,-11.0
-124.2,14.9167
-137.1,16.25
-137.533,12.667
-141.917,-17.6
-113.283,9.45
-89.45,-32.217
-104.95,-4.717
-128.042,42.753
-168.8233,-7.5167
-168.5483,-7.3967
-168.4817,-7.365
-168.4667,-7.2017
-85.605,0.535
-81.147,0.307
-85.568,-0.407
-89.228,0.778
-81.155,-0.553
-81.157,-0.332
-81.037,-0.055
-82.743,-0.727
-82.738,-0.753
-81.162,-0.353
-81.138,-0.338
-81.192,-0.313
-81.432,-0.018
-81.502,-0.075
-87.478,2.65
-102.61,13.447
-101.625,11.418
-101.617,11.963
-101.6,12.037
-101.577,12.068
-101.548,10.853
-101.088,11.263
-100.9,12.962
-100.848,13.012
-100.522,12.245
-100.507,12.26
-100.363,12.567
-67.942,36.667
53.35,-1.617
-65.783,33.947
-47.987,13.07
-168.575,-8.05
-67.135,39.335
-40.097,-29.347
-39.243,-30.23
-35.6,-29.772
-44.517,31.3
-50.55,20.65
161.866667,35.483333
174.516667,36.383333
-177.0667,37.6833
-177.066667,37.683333
-160.283333,37.866667
-160.2833,37.8667
-156.416667,38.15
-154.716667,35.216667
-154.933333,30.333333
-154.9333,30.3333
-152.616667,14.316667
-152.016667,12.7
-150.816667,9.466667
-149.816667,7.583333
-152.933333,-3.8
-152.25,-7.416667
-149.5,-13.466667
-149.866667,-18.666667
-150.283333,-22.35
-137.716667,-32.6
-133.366667,-33.483333
-132.866667,-36.533333
-132.966667,-40.05
-131.383333,-39.683333
-131.3833,-39.6833
-118.816667,-39.216667
-105.083333,-39.066667
-98.766667,-39.366667
-83.1167,-37.4833
-83.116667,-37.483333
-73.933333,-34.116667
-74.7167,-33.5167
-74.716667,-33.516667
-20.233333,25.75
-82.183333,-42.716667
-150.55,-13.83333
-170.83333,-10.3
-173.0333,44.75
-173.2667,36.5
-164.8333,46.95
-165.75,47.1667
-121.88,19.0
-105.15,10.8833
-125.417,8.083
-125.61,7.69
-125.017,16.033
-125.435,15.0
-126.967,8.01
-126.973,8.183
-125.43,8.1
-125.5667,11.1683
-125.453,10.308
-103.8,11.633
-125.48,13.0517
-125.4533,10.3083
5.667,-26.1
46.117,-26.467
65.717,-23.5
-156.917,28.83
-104.135,8.267
-81.142,-0.302
-81.118,-0.357
144.3883,13.71
144.4017,13.6417
144.5567,14.625
145.2383,17.23
145.2933,17.375
145.6667,16.885
-162.843,0.462
-162.833,0.47
-162.812,0.497
-162.808,0.517
-159.523,-8.478
-159.522,-11.283
-159.508,-11.275
-159.502,-8.48
-159.498,-11.277
-159.472,-7.58
-159.463,-7.595
-159.46,-7.628
-159.428,-7.942
-159.405,-8.375
-159.4,-8.377
-159.393,-8.368
-159.382,-7.952
-159.377,-7.953
-159.365,-6.777
-159.352,-6.742
-159.35,-6.678
-159.34,-8.738
-159.337,-8.717
-159.075,-3.167
-159.065,-3.163
-158.843,-4.708
-158.84,-4.725
-158.832,-4.745
-158.82,-4.765
-158.803,-4.823
-158.802,-4.868
-158.667,-7.308
-158.658,-7.277
-158.64,-1.33
-158.607,-1.295
-158.605,-1.278
-158.467,-5.883
-158.45,-5.828
-158.447,-5.905
-157.963,-5.372
-157.605,-2.46
-157.595,-2.45
-157.578,-2.452
-157.573,-2.453
-157.305,-5.657
-157.297,-5.638
-157.295,-5.557
-157.283,-5.62
-157.142,-3.807
-157.083,-3.818
-157.053,-2.268
-157.048,-2.26
-156.77,-4.353
-156.763,-4.372
-156.76,-4.383
-156.225,-5.697
-155.593,-5.038
-155.583,-5.023
-155.465,-3.683
-155.44,-3.698
-121.73333,19.81666
-140.633,43.967
-143.117,37.25
60.345,2.7917
60.0417,2.77
60.0467,2.7567
59.88,2.7767
59.8683,2.7983
57.4083,-2.1317
-20.1867,42.91
59.8617,2.7725
59.8425,2.7992
60.065,2.935
60.0333,2.96
60.04,2.915
-107.8067,22.8565
-107.6167,21.6247
-107.545,22.3685
-107.4853,22.07
-107.48,22.065
-107.4363,21.5067
-107.4182,21.6393
-107.3883,21.5292
-107.3428,21.516
-107.0595,21.0863
113.95,-41.883333
103.15,-37.95
102.92,-37.0
102.0,-36.0
99.05,-35.9
98.9667,-34.9667
98.967,-34.97
101.0,-34.63
112.2667,-36.6333
118.0,-39.9333
115.9333,-39.9667
114.0,-38.6333
111.9833,-38.55
112.0167,-40.0
112.0333,-41.0
110.0667,-40.0333
-146.45,9.8483
-146.455,9.7583
-146.4467,9.7767
-146.41,9.7792
-146.3733,9.7817
-146.4767,9.8467
-146.3767,9.8117
-146.4175,9.8134
-146.4583,9.815
-146.4833,9.8133
-146.3533,9.8633
-146.355,9.89
-146.4233,9.8867
-146.4967,9.8417
-146.4617,9.8883
-146.4683,9.895
-146.4983,9.8967
-146.375,9.9217
-146.46,9.9333
-146.39,9.8777
-146.535,9.84
-146.55,9.81
-146.5133,9.8283
-146.4717,9.905
-152.7283,9.505
-152.6633,9.5283
-152.7067,9.5367
-152.747,9.578
-152.7467,9.5783
-152.7233,9.6017
-152.65,9.5733
-152.6667,9.5717
-152.5833,9.5767
-152.583,9.577
-152.6033,9.475
-152.615,9.495
-152.6225,9.4588
-152.5933,9.54
-152.625,9.4467
-152.675,9.452
-152.767,9.447
-152.7317,9.4675
-152.6967,9.4883
-152.7183,9.51
-152.6717,9.4667
-152.6683,9.4833
-152.667,9.5
-152.6317,9.5333
-152.68,9.535
-152.7583,9.5483
-152.6983,9.5833
-152.595,9.58
-152.6433,9.5467
-146.257,9.865
-146.3333,10.0367
-146.3983,10.0317
-146.398,10.032
-146.505,10.03
-146.335,10.1
-146.495,9.975
-146.3633,10.0967
-146.363,10.097
-146.405,10.1083
-146.4333,10.11
-146.483,10.112
-146.5183,10.0667
-146.485,10.065
-146.4817,10.0583
-146.44,10.0633
-146.3933,10.0617
-146.365,9.9917
-146.4033,9.9983
-146.49,10.01
-146.511,10.008
-146.5317,10.005
-146.415,10.0067
-146.402,9.977
-146.4017,9.9767
-146.36,9.9617
-147.3,14.555
-147.3333,14.2267
-167.9067,1.0917
-175.1967,10.565
-175.0417,10.4883
-175.0667,10.4783
-175.1533,10.45
-175.1933,10.455
-175.14,10.4917
-175.175,10.49
-175.2033,10.375
-175.1333,10.5267
-175.1917,10.5167
-175.05,10.4333
-175.1017,10.43
-175.0967,10.345
-175.195,10.485
-175.1083,10.385
-175.0733,10.38
-175.0267,10.3867
-175.1833,10.3967
-175.183,10.397
-175.185,10.425
8.175,-36.512
8.0733,-36.4867
-140.0,10.0
-140.103,10.012
-139.997,9.982
-133.032,13.573
-132.887,13.58
-132.9033,13.46
-132.987,13.482
-132.872,13.542
-120.4783,7.68
-92.788,6.547
-92.0,6.5
-91.465,6.533
-92.0967,5.7467
-91.355,5.3667
-91.44,6.045
-91.5917,7.1433
-92.7825,6.5033
-92.782,6.503
-92.818,6.506
-92.93,6.4533
-94.2133,9.2083
-112.875,13.1
-117.8967,13.4717
-121.5,23.9667
-121.5033,23.96
-119.3183,14.4783
-122.4183,12.2983
-122.075,8.6883
-80.1933,-10.7817
-92.885,-8.1417
-99.9517,-7.8117
-104.2283,-12.2533
-102.64,-13.0617
-101.6883,-14.8383
-101.6833,-12.5433
-101.8283,-10.7917
-145.4183,13.84
-149.44,15.58
177.64,17.95
165.69,20.1717
165.88,19.9933
165.8517,19.7217
-146.9833,18.5483
-141.1467,18.185
-135.5483,18.0483
-135.548,18.048
-130.15,17.9717
-124.6833,17.825
-119.0133,18.65
-113.552,18.998
-113.5517,18.9983
-116.3683,19.035
-158.233,19.1
-161.767,18.3
-162.05,18.783
-162.317,19.367
-162.167,19.383
-168.833,9.333
-169.0,9.0
-168.8,9.183
106.5,-16.283
104.267,-16.3
100.0,-19.933
97.8,-19.117
78.017,-21.517
74.983,-23.267
72.433,-24.117
51.9,-6.667
51.567,-6.6
60.75,-25.333
61.817,-26.933
64.867,-31.033
72.65,-24.767
97.483,-5.383
-141.2,-31.2167
-128.25,-41.5333
-125.3833,-43.1167
-114.87,-26.575
-92.2333,-41.7167
-105.17747,9.25939
-105.0082,9.24873
-100.066,-26.06
-91.761,-25.372
-91.607,-25.434
-90.719,-25.882
-86.704,-26.383
-84.313,-25.514
-83.672,-23.802
-83.47,-23.356
-83.313,-23.363
-83.245,-23.329
-82.805,-24.017
-82.676,-24.438
-81.956,-25.423
-81.908,-25.307
-80.885,-20.673
-80.786,-20.64
-126.717,21.45
-130.63333,10.43333
-146.5,-17.33333
-146.1667,-16.3333
-123.017,-46.733
-81.0,-20.0
-125.383,-43.117
-124.65,-44.383
-116.2167,1.45
-132.8833,-6.0833
-135.2167,-12.85
-136.0333,-14.9833
-148.65,-19.8333
-143.0167,-29.15
-138.9167,-34.0167
-138.7833,-34.4167
-137.25,-36.3833
-137.4,-36.55
-137.0,-37.0833
-132.8167,-40.6
-129.1,-41.4
-125.8333,-42.2667
-125.5333,-42.8333
-130.8,8.8
-100.9667,-44.1367
-140.5,-32.1333
-130.5833,10.4167
-141.3917,-18.5167
-147.6667,-21.6167
-146.35,-27.95
-102.0,-42.0
-136.3,-15.383
-102.017,-41.983
-81.833,-37.067
-85.233,-25.517
-135.5333,-35.1833
-127.3333,-44.2167
-135.4833,-14.4667
-140.0833,-29.9167
-131.833,-40.55
-125.0,24.3667
-128.5667,11.0833
-118.0,9.9833
-129.0,9.05
-71.1,22.1166
-76.3667,30.25
-71.31667,-56.06667
-70.98333,-57.08333
-67.8333,-61.15
-70.9833,-57.0833
-67.3,-59.0333
-68.858,-59.767
-66.583,-58.283
-68.567,-60.1
-67.5,-59.017
-69.283,-59.317
-67.867,-61.117
-70.875,-57.9833
-71.3167,-56.0667
-67.6,-59.0
-68.8167,-59.2333
-70.7333,-63.2
-70.2167,-60.0167
-68.3333,-60.0667
-59.88333,-58.15
-59.4,-58.1
-59.11667,-57.11667
-59.08333,-56.995
-58.86167,-55.90167
-58.7,-56.23333
-58.33333,-56.25
-56.56667,-56.95
-56.48333,-56.93333
-55.96667,-57.76667
-55.95,-57.95
-55.93333,-57.66667
-55.83333,-55.1
-49.067,-60.008
-48.99167,-59.01667
-48.88333,-59.14167
-45.20167,-55.93333
-44.9333,-58.03333
-82.87167,-58.10167
-82.85,-58.053
-78.93333,-61.33333
-78.46,-58.29333
-75.28833,-60.09333
-75.06333,-61.045
-74.78333,-58.95
-74.75833,-62.85167
-74.64333,-59.02667
-114.81333,-54.915
-29.97833,-60.61
-90.78167,-57.73694
-89.905,-56.105
-160.62,-56.19667
-160.12,-62.43833
-159.89833,-52.025
-125.21,-60.705
-119.55,-57.15
-108.7,-57.85
-104.96667,-59.15
-99.95,-61.03333
-94.95,-59.088
-142.16667,-52.16667
-135.0,-64.05
-94.883,-55.0
-94.75,-57.033
-99.86667,-61.7
-144.867,-59.85
-137.76667,-60.33333
-120.33333,-61.18333
-120.1,-43.96667
-119.58333,-40.13333
-119.33333,-56.53333
-119.31667,-56.4
-96.86667,-39.85
-89.55,-33.075
-88.0,-32.96667
-84.0,-33.98333
-83.94167,-33.04167
-82.05,-33.05
-75.36667,-33.25
-56.85,-57.83333
-52.03333,-57.65
-115.01667,-60.4
-101.23333,-61.4
-95.31667,-62.13333
-150.03333,-38.96667
-145.18333,-45.1
-139.93333,-43.0
-134.3,-35.96667
-130.03333,-42.01667
-124.86667,-41.93333
-101.933,-62.5
-128.2,-63.05
-104.88333,-49.98333
-94.88333,-50.48333
-89.98333,-49.95
-86.21667,-42.08333
126.08,-52.975
119.625,-51.98
119.9,-55.03
114.293,-51.497
110.22833,-36.52833
-4.7933,71.4417
4.2633,72.8133
-34.2083,-31.1533
-136.0744,53.4912
-130.7583,50.6
162.0783,11.31
162.0711,11.3111
162.0639,11.3122
162.0567,11.3133
162.055,11.3137
162.0533,11.314
162.0517,11.3143
162.05,11.3147
162.0483,11.315
162.11,11.34
-168.255,-1.26
-87.28,8.624
-86.2322,8.243
-85.7913,8.5728
-139.425,-28.752
-127.033,35.433
-128.4833,40.3
-128.2667,41.1667
-127.9833,40.3833
-127.55,40.3667
34.233,-35.733
38.533,-33.466
-178.516,-35.85
0.15,-13.1517
10.2917,-32.855
-33.7,-8.9167
-41.4317,-32.5
-167.885,-38.643
-21.847,6.898
158.675,8.795
156.1667,10.4836
153.855,16.0336
153.56667,16.01697
153.5667,16.017
148.312,14.517
152.1,15.6836
152.3,16.3969
152.32,19.0336
-170.42,8.1733
-170.445,8.16
-168.8633,9.3367
-170.0133,7.55
-170.4167,8.1717
-168.8367,8.2617
-170.4567,8.175
-168.8467,9.335
-167.6167,10.0017
-167.8483,9.0217
-167.3833,8.875
-167.8217,7.0017
-168.1217,7.2817
-169.6133,7.18
-170.425,8.49
-169.0483,8.0483
-170.6717,9.93
-173.9883,13.115
-170.1617,8.1833
-177.1817,16.1467
-172.9833,4.985
-174.0083,9.9883
-174.0,8.9883
-173.9483,4.96
-172.0098,6.995
-173.0,4.9933
-171.9933,7.0267
-171.995,7.0233
-172.0017,7.9917
-172.005,9.005
-172.0033,9.0067
-171.0,7.9983
-170.9933,7.9967
-171.005,6.0067
-169.9867,6.0
-170.0167,4.99
-173.995,8.8483
-173.9967,8.8533
-173.4983,9.9967
-173.4967,9.4867
-174.0383,9.5083
-173.9267,9.0033
-173.8867,9.0383
-173.9167,9.04
-174.0333,8.0
-174.0133,6.97
-172.01,9.0117
-170.995,8.9217
-170.9983,7.985
-171.0017,7.0183
-171.0183,6.0183
-169.9933,6.0033
-174.0067,8.8567
-174.015,9.9783
145.973,37.986
144.536,38.395
145.923,41.248
-174.5083,10.175
-176.4567,9.5067
-175.035,9.985
-179.0267,10.9933
-179.0233,10.995
-179.03,6.98
-178.0067,8.0017
-177.98,8.9983
-177.9833,8.995
-178.0317,10.0133
-177.995,11.0067
-176.9817,10.9917
-177.0,8.9967
-177.0017,8.9867
-176.0167,8.9917
-175.9817,10.99
-174.985,8.985
-174.9833,8.9817
-174.9983,6.9667
-175.4717,6.4867
-175.4383,7.4967
-175.5,8.5433
-175.4983,8.5467
-174.99,9.4967
-174.9883,9.4983
-175.4867,9.99
-175.98,9.5033
-176.0067,9.9683
-176.00667,9.96833
-176.00833,9.93667
-176.0083,9.9367
-176.01,9.9067
-176.0133,9.875
-175.98167,9.89667
-175.985,9.9317
-175.9867,9.965
-178.9883,9.9817
-179.0367,6.9717
-178.035,10.02
-177.00833,9.98667
-177.0083,9.9867
-176.9833,7.99
-176.0283,8.9833
-175.98333,10.98667
-175.9833,10.9867
-175.0067,6.9617
-176.025,5.985
-175.96833,9.49667
-174.99501,9.48866
-136.648,-15.042
-135.648,-15.041
-131.29,-15.537
-131.263,-15.547
-117.528,-17.51
-117.437,-17.562
-116.185,-18.127
-115.99,-15.8
-114.8,-18.302
-113.788,-18.883
-106.638,-26.377
-105.577,-26.856
-104.838,-26.335
-101.109,-25.047
-93.386,-24.426
150.166,27.333
145.175,26.2
160.2433,19.7017
162.0083,16.8117
-155.2383,28.4986
-155.305,28.4769
-155.3333,28.4453
-155.2567,28.4786
-155.495,28.4936
-155.5,28.497
-155.4884,28.5036
-155.0384,28.3253
-143.967,22.95
-114.583,22.0
-96.18167,7.12333
-92.84667,6.47167
-92.79167,6.56
-92.78167,6.56333
-92.755,6.55167
-103.89333,8.79833
-34.993,-47.957
-35.627,-48.802
0.04,0.075
16.858,-39.53
21.925,-46.995
18.248,-58.442
9.0,-59.523
2.478,-63.558
0.465,-65.535
-16.293,-47.168
-33.088,-44.02
-122.745,30.4
146.0,38.467
-122.75,30.417
172.55,40.483
170.8,40.5
146.717,36.483
175.1667,27.7
-149.9,8.033
-148.867,6.083
-148.2,7.283
-146.033,13.533
-144.9,11.917
-142.7,8.417
-136.183,13.4
-135.067,14.65
-133.95,15.9
-132.833,17.167
-131.767,18.267
-179.3267,9.2783
-176.3033,17.2817
162.65,37.116
170.25,44.633
170.3,44.6167
170.283,44.55
170.4167,44.5
-169.633,-54.233
143.5367,36.07
143.5467,36.045
145.3,37.12
145.3133,37.13
134.64,10.8717
148.7667,23.8167
-146.0433,-11.0117
-146.025,-11.0233
-148.02,-20.39
-138.662,-35.075
-93.3533,-20.83
144.011667,31.7967
130.716656,16.050031
-168.65,25.5
153.65215,29.5532
168.9555,48.4025
153.652,29.553
168.956,48.403
169.655,45.867
-165.8,32.48333
-161.698,26.09167
-160.047,26.91667
-160.045,25.89167
147.13,18.155
152.16333,15.49
164.58333,11.96667
-151.05367,8.227
-149.97833,8.049
-149.03117,7.9645
-147.98833,7.97367
-67.233,39.393
-59.428,36.527
-58.69,35.605
-57.41,35.087
-157.8705,30.3553
-143.3565,20.6833
61.883,-29.9
64.0,-33.767
36.717,-31.067
-13.267,-22.667
-11.417,-5.783
-32.367,6.05
113.933,-32.267
105.367,-25.7
89.583,-14.117
175.417,13.633
176.933,12.417
177.8,11.5
-177.167,8.133
-177.25,8.117
-175.467,7.317
-170.983,9.817
-168.85,11.467
-140.383,21.433
57.55,-22.033
96.0,-33.783
97.2,-20.717
104.233,-25.083
111.467,-29.7
-140.4,21.467
-130.967,23.25
57.65,-25.5
91.533,-13.65
102.75,-32.75
66.57,-1.4317
67.1833,6.9167
67.183333,6.916667
-113.3,24.3836
59.275,-37.0283
59.895,-44.0467
61.95,-20.5167
64.96,-33.4583
63.5167,-34.575
60.8883,-39.56
59.77,-41.3883
59.95,-44.0117
62.765,-47.275
27.0133,-37.5467
59.29,-37.02
60.6833,-19.0633
64.6567,-23.08
63.51,-34.5783
60.865,-39.5467
62.9517,-47.21
62.71,-47.2617
48.25,-30.7833
50.7833,-32.6333
61.2667,-38.7
60.7667,-39.7
60.5667,-40.6333
61.9167,-31.3833
60.2833,-24.4333
59.9167,-24.1
64.9667,-22.9667
74.65,-16.85
76.9667,-13.55
78.95,-11.9833
85.8667,-13.4167
78.65,-11.9
78.5167,-11.9167
62.4,-23.3833
74.6333,-16.8333
39.7833,-30.4667
48.3167,-30.75
48.3667,-30.7333
49.0,-30.85
48.5833,-29.8667
50.7667,-32.65
52.7667,-32.7
61.7833,-31.4
68.25,-28.8833
59.9,-24.0667
58.35,-24.3833
58.3167,-24.4167
57.9,-23.4833
57.9667,-23.5833
58.2833,-24.3667
79.2333,-12.1833
77.75,-12.7833
77.8,-12.8333
79.6167,-12.95
77.05,-13.5833
81.18333,-57.1
81.38333,-57.06667
104.4833,-9.765
-151.367,41.117
-134.55,39.567
116.55,-39.2167
115.0667,-39.2333
115.05,-38.5
-174.9667,19.35
164.8667,12.1167
-29.933,33.5
-142.467,11.05
119.867,-39.3
-149.245,13.7467
-169.7333,19.1167
-171.5833,19.6667
-127.2667,20.85
-173.2833,18.5167
-173.3833,18.3333
-174.2833,17.8167
-174.2667,17.9
-174.3667,17.8
-176.45,16.8
-177.1667,17.1667
164.6833,12.15
165.0,12.05
164.9833,11.95
165.03,12.117
164.9,12.1833
-133.1167,14.3667
-161.133,14.15
-165.4833,10.0333
-168.1,7.6
-163.017,-35.833
-158.967,-29.583
-158.3333,-28.55
-157.517,-27.333
-155.983,-26.017
-154.75,-24.683
-154.0833,-23.8833
-149.6333,-5.9
-149.4,-4.433
-147.6,-0.067
-147.1,2.0
-145.3,9.1
-142.617,10.983
-138.9833,13.0667
-138.9333,13.1167
-130.7667,20.6333
-126.5,24.3
176.4167,-5.0833
174.15,-7.05
171.46667,-9.0
164.35,-12.5833
151.2333,-14.7833
58.0,-19.683
70.667,-42.05
119.8667,-39.1333
-165.933,-64.183
-177.2,-54.517
-177.3,-54.5833
-87.197,8.789
-87.1962,8.7898
-87.0988,9.0842
-87.0965,9.0808
-154.04335,-40.00883
-139.44717,-46.44917
-136.97767,-42.42983
-133.875,-46.95885
-115.267,-14.5518
-113.2667,24.4003
-113.4667,24.567
-117.557,-15.4633
-154.083,13.002
-153.617,11.367
-152.95,9.983
-152.63,8.6633
-150.975,2.9167
-151.01,2.9383
-146.4367,8.84
-146.457,9.047
-146.542,9.057
-146.572,9.062
-146.492,8.897
-146.493,8.932
-146.497,8.997
-146.4433,8.9017
-143.32,10.0083
-139.985,11.0133
-136.3617,15.1317
-136.362,15.132
-131.983,19.698
-132.0802,19.7002
-132.133,19.6
-126.3555,25.2757
-126.3515,25.2795
-126.3507,25.2803
-114.665,-20.853
154.951,15.357
162.776,10.318
173.21,-22.703
172.232,-20.523
-176.835,-31.8
-176.747,-31.902
-141.216,23.283
-148.0,23.9
-135.2667,24.4675
-135.2682,24.4651
-135.2697,24.4626
-135.2712,24.4602
-135.2727,24.4578
-135.2788,24.4481
-135.2803,24.4457
-135.2818,24.4433
-135.2833,24.4408
-146.5414,-16.4622
-146.57,-16.45
-119.666,25.25
143.8667,19.9125
-168.5833,26.3833
147.725,16.0611
-178.7167,28.6833
162.7,21.35
-176.8,28.9
154.5583,17.4
153.1125,17.5167
153.2667,16.5833
152.0458,16.0667
149.2833,14.95
147.6417,15.4167
146.5208,15.5
146.125,15.25
140.5542,13.9083
-167.3,25.6833
138.1167,14.5167
143.3167,13.4167
28.13333,-38.63333
25.06667,-37.78333
25.0667,-37.7833
-171.7167,-12.9833
-172.1333,-22.0
177.9833,9.3167
171.8,-23.533
-155.9167,40.235
-144.3333,53.5167
-155.2133,40.8833
-150.083,52.783
-145.25,56.166
108.9883,-45.1967
103.8217,-51.0667
98.1267,-61.05
99.225,-60.025
163.89,26.543
-107.612,-7.28
-103.565,-12.937
-113.735,-20.697
-106.148,-23.863
-115.173,-19.153
-114.777,-20.325
-114.732,-21.012
-114.0,-19.25
-113.575,-19.248
-113.24,-20.313
-113.173,-19.547
-112.983,-20.867
-112.31,-20.37
-112.152,-19.998
-112.112,-20.205
-111.858,-19.203
-110.48,-30.497
-110.468,-30.502
-105.48,-30.495
-101.067,-17.867
-99.545,-30.512
-95.295,-20.055
-103.497,-13.002
143.4117,36.0283
-150.6333,-14.05
-145.6333,-17.25
-149.3,-13.5667
-170.35,-8.0667
-170.8333,10.3
-175.7167,12.0
-108.1585,16.6783
-106.3217,16.2498
-105.9018,15.9718
-105.2982,15.6072
-104.5078,16.1705
-104.4967,16.8575
-104.471,16.7828
-103.91,11.332
-103.32,10.515
-127.15,38.8
-33.983333,15.966667
-140.052,11.048
-140.05,11.052
-92.835,6.652
-92.88,6.58
136.183,6.133
174.417,-7.8
178.2,-11.317
174.017,-4.85
179.35,3.1836
-178.583,6.033
-176.3,3.617
-179.717,0.25
-178.4183,-3.553
-178.417,-3.517
-176.2166,-9.5664
-168.55,-8.817
-165.7115,-5.1506
-171.7,7.067
-168.683,9.133
-165.55,10.5
-164.933,11.017
-166.9,9.583
-168.867,8.567
-170.95,10.383
-172.1,10.333
-172.783,11.383
-172.85,12.517
-168.817,14.433
-167.567,14.933
-166.667,15.66
9.1874,-65.0256
-0.4594,-65.1732
-34.365,-49.7488
-33.236,-50.371
-104.613,14.172
-104.565,8.912
-104.368,14.16
-104.195,11.557
-104.068,11.558
-103.923,10.382
-103.853,8.867
-103.815,14.125
-103.792,14.675
-103.675,13.212
-103.238,10.603
-157.74,30.368
-157.727,30.435
-157.692,30.405
-59.25,28.467
-54.77,24.267
-56.15,21.85
-67.9116,36.6983
-22.83,-16.55
-59.38,30.867
-67.95,36.7
-67.93,36.733
33.217,-41.32
-162.9,-48.3
-154.3,-46.93
-149.8,-45.88
-141.3,-43.42
-133.2,-41.57
-66.9166,20.8166
-91.32,-10.62
-120.533,18.683
-110.95,15.383
-55.25,25.533
-156.067,-16.533
154.05,14.8
157.3333,31.83
160.67,34.783
172.33,37.8
173.633,-6.117
-128.8,33.35
151.533,-15.367
-74.23,24.45
151.65,9.683
156.417,19.45
162.317,31.217
159.833,32.483
173.717,39.633
-175.583,44.217
-171.55,44.617
-111.0,6.65
-111.1083,6.9
-161.317,-14.533
-107.5,14.5
-110.217,16.65
-161.7167,-13.825
-120.1583,12.275
-125.333,7.3
-129.083,28.65
-129.4,25.85
-128.267,22.967
-145.55,-12.8583
-140.0416,39.9416
-140.0333,14.8666
-140.025,19.48
-139.9966,21.5083
-139.9783,26.3933
-139.975,31.85
-139.9666,11.0166
-139.92,29.175
-139.88333,8.78333
-134.8666,-10.6333
-128.4166,-7.0166
59.8333,-44.0833
-164.428,8.882
-152.627,-4.808
-150.773,-12.627
-146.243,-17.927
-107.15,12.833
-97.0666,13.0416
25.05,-39.35
44.7666,-36.75
49.85,-23.683
-134.365,11.085
-133.65,38.538
-61.08333,22.68333
-60.4,27.5833
-33.86,-42.97
-45.32,-42.63
-46.69,-42.45
-50.982,-41.395
-52.83,-39.14
-49.17,-37.67
-48.432,-43.623
-55.237,-48.468
-134.2,14.09
-45.765,-49.652
-31.9,-21.0166
-35.65,-0.917
-61.085,27.69
-60.42,27.54
-61.062,27.995
-61.1333,27.6
-61.0,28.0333
-61.0833,22.6833
-60.4666,27.0666
-61.3833,26.9333
-144.8,-13.747
-130.0,-15.0
-61.16,29.1583
-131.4,-27.0
-113.2,-26.38
-78.23,-30.61
-72.48,-63.34
-74.07,-65.09
-62.28,-60.28
-29.43,-53.88
-23.65,-52.28
-15.57,-49.92
-13.23,-46.1
-20.86,-42.98
-25.94,-42.96
-31.17,-43.01
-67.548,31.267
-60.3583,28.7566
-59.8633,26.515
-55.015,9.26
-36.0166,-30.4333
-154.7,-23.117
-142.6,-20.383
-132.878,-21.833
9.01667,-27.91667
35.53,-31.33
58.678,-28.807
66.762,-26.428
70.255,12.858
131.343,20.03
133.312,19.77
173.508,4.187
-100.263,-40.37
-68.897,23.888
151.6978,21.6976
151.9633,19.3733
-102.583,12.733
-103.908,8.842
-100.817,13.022
-100.833,13.0
-101.872,13.767
-103.3,11.458
-103.242,11.517
-117.6333,11.4667
-132.6167,27.8833
-123.6,28.7833
-117.9167,5.3333
-89.0833,-13.5333
-117.4,22.2833
-117.4833,20.3167
-117.15,18.75
-117.2333,16.3167
-117.2,14.4333
-40.2333,19.7333
-156.903,23.72
166.463,21.113
173.672,21.11
-179.46,18.372
-151.2383,8.2383
-151.2367,9.0667
-151.1883,8.2667
-151.185,9.0583
-151.1767,9.0417
-151.1583,8.3017
-151.1567,9.08
-151.1217,8.275
-150.88,9.3967
-150.845,9.345
-150.8367,8.4567
-150.8317,9.4
-150.825,9.355
-150.8067,9.3333
-150.7967,8.5033
-150.7783,8.4583
-150.7417,8.475
-150.3117,8.695
-150.2517,8.685
-150.25,8.69
-150.235,8.7183
-139.1833,11.6933
-139.18,11.7067
-139.165,11.2283
-139.1483,11.7183
-139.1367,11.7283
-139.1283,11.225
-139.09,11.2483
-139.07,11.2717
-138.3733,11.7217
-138.37,11.7317
-137.7433,12.1483
-137.735,12.1733
-137.7067,12.16
-137.4717,11.81
-137.445,11.8467
-137.4383,11.8033
-125.9067,15.3267
-125.9017,15.34
-125.4733,15.2967
-117.777,16.447
-117.635,18.082
145.7,27.818
-140.582,41.062
-164.392,16.417
157.137,31.905
157.247,31.898
157.353,31.858
142.398,17.857
-175.177,11.0
-169.5584,15.322
-155.005,-18.997
-134.158,-12.423
-143.487,-24.888
-147.588,-20.61
-109.275,16.485
-154.8634,-24.583
-169.085,19.272
157.0767,31.9153
-140.0467,28.242
-139.8733,19.8003
-140.2283,13.8736
-164.355,16.427
-153.3667,10.9667
-161.9,-22.6833
-113.8,11.4167
-117.9667,13.3333
-61.1,28.4167
-122.803,30.388
-122.728,30.427
-25.6528,-19.2
-157.0367,22.7
-154.9867,21.9817
-119.283,27.717
-104.466667,8.146985
-105.098,8.123
-104.467,8.147
-114.1,22.0003
-65.0,25.0
-112.7833,21.8833
-115.2,21.83333
-114.18333,21.66667
-114.1833,21.6667
-114.13333,21.51667
-114.1333,21.5167
-113.05,21.8
-134.0083,-9.5764
-134.00829,-9.57638
-134.00801,-9.58513
-134.008,-9.5851
-134.0086,-9.5917
-134.00857,-9.59169
-134.0047,-9.5342
-134.00941,-9.53638
-134.0094,-9.5364
-133.9996,-9.5404
-133.99959,-9.54037
-133.705,11.50667
-134.0889,-9.8057
-134.08886,-9.80568
-134.0007,-9.8537
-134.00066,-9.85374
-134.0012,-9.86592
-134.00049,-9.8793
-133.9998,-9.8876
-133.99978,-9.88764
-133.9982,-9.89633
-133.9984,-9.9054
-133.99839,-9.90535
-133.9986,-9.9123
-133.99857,-9.91228
-133.991,-9.84583
-133.9995,-9.91817
-134.0145,-10.20455
-134.01452,-10.21263
-133.73025,11.51461
-134.0144,-10.2295
-134.01439,-10.22954
-134.01425,-10.23875
-134.0142,-10.2388
-134.01411,-10.2463
-134.01451,-10.2552
-134.0,-10.143
-134.0025,-10.259
-133.7315,11.5236
-133.73147,11.52355
-134.24829,-10.26109
-134.25123,-10.26658
-133.73173,11.53217
-133.7317,11.5322
-159.58333,17.43333
-159.6,-17.41667
-159.60376,-17.41064
-159.61603,-17.39627
-159.62315,-17.38947
-159.62751,-17.38454
-159.63266,-17.37925
-133.73214,11.5408
-161.66167,-19.01394
-161.65153,-18.99155
-161.65,-18.98333
-133.73362,11.55094
-133.7336,11.5509
-161.64323,-18.96828
-161.63739,-18.95866
-161.66667,-19.03333
-162.27967,-19.3545
-133.73445,11.55905
-161.99967,-19.95317
-162.0,-19.96667
-161.99843,-19.95888
-133.73425,11.56855
-133.7342,11.5686
-161.99824,-19.94288
-161.99825,-19.92813
-161.23057,-20.48305
-161.23333,-20.48333
-161.23067,-20.49576
-133.73583,11.57759
-133.7358,11.5776
-133.74833,11.51667
-159.96667,21.73333
-160.5,-21.58333
-133.73605,11.58751
-133.736,11.5875
-133.7368,11.5967
-133.73675,11.59667
-162.41667,-21.5
-162.96667,-21.35
-162.95555,-21.35557
-162.93333,-21.36667
-162.92405,-21.36753
-133.73744,11.60634
-133.7374,11.6063
-163.4925,-21.09867
-164.24867,-22.32
-164.25,-22.31667
-133.82333,11.495
-164.24779,-22.31675
-164.27212,-22.31402
-165.33333,-22.85
-133.83,11.50167
-133.73867,11.505
-131.9862,-6.9995
-131.98615,-6.99952
-132.16458,-6.9994
-132.15744,-6.99088
-132.1574,-6.9909
-132.16062,-6.98143
-132.1606,-6.9814
-132.158,-6.9741
-132.15797,-6.97408
-132.1589,-6.96554
-132.1586,-6.949
-132.15858,-6.94905
-132.15911,-6.93174
-132.1591,-6.9317
-132.15947,-6.9166
-132.1599,-6.9064
-132.15986,-6.90639
-132.1596,-6.8993
-132.15959,-6.89933
-132.15906,-6.89174
-132.1598,-6.86547
-132.13872,-6.83835
-132.1387,-6.8384
-132.13793,-6.83939
-132.1379,-6.8394
-132.1348,-6.8395
-132.13478,-6.83952
-132.1353,-6.84474
-132.1399,-6.84304
-132.0104,-6.824
-132.0124,-6.8255
-132.01239,-6.82549
-132.0143,-6.8244
-132.01426,-6.82438
-132.00732,-6.89332
-132.0073,-6.8933
-131.9901,-6.8946
-131.99009,-6.89456
-131.98125,-6.89459
-131.973,-6.8942
-131.95704,-6.89439
-131.957,-6.8944
-131.94794,-6.89442
-131.93929,-6.89458
-133.70667,11.50833
-132.1142,-6.9867
-132.11419,-6.98669
-132.11503,-6.98527
-132.115,-6.9853
-134.0073,-9.5688
-134.00729,-9.56882
110.565,-20.973333
109.706667,-24.395
108.608333,-25.65
108.531667,-25.526667
108.5317,-25.5267
-90.6845,-6.93
-90.6855,-6.9283
-90.6488,-7.0327
-90.6485,-7.0325
-90.7258,-6.7133
-90.6492,-7.0332
-90.5053,-8.7817
-90.7107,-8.5617
-90.5658,-8.3167
-90.4345,-8.2717
-90.5738,-8.4383
-90.653,-8.1983
-90.7067,-8.7733
-90.9123,-8.7417
-90.8682,-8.7617
-90.7152,-8.7017
-90.4553,-8.7567
-90.6268,-8.2767
-90.551,-8.3983
-90.8252,-8.1612
-90.8247,-8.1618
-90.6863,-6.6067
-90.6765,-6.6183
-90.3998,-6.4633
-90.442,-6.8667
-90.706,-6.61
-90.7167,-6.6104
-90.7042,-6.6117
-90.7888,-6.5883
-90.8058,-6.555
-90.6215,-6.6433
-90.635,-6.5017
-90.5318,-6.7683
-90.5688,-6.7217
-90.6913,-6.76
-90.6912,-6.7617
-90.4697,-6.5317
-90.4668,-6.5683
-90.2975,-6.605
-90.3692,-6.8817
-90.3727,-6.8867
-90.3767,-6.8883
-90.3793,-6.89
-90.3813,-6.8917
-90.7793,-7.0982
-90.5683,-6.7183
-117.283,29.517
-170.678,-13.362
-113.597,-12.733
-157.488,-24.812
-160.727,-27.56
-168.712,-8.523
-159.787,-27.975
-171.338,-31.108
-174.623,-32.02
-168.528,-8.287
-168.52,-8.283
-168.508,-8.275
-168.483,-7.485
-168.482,-7.482
-164.222,-9.99
-96.802,-16.322
-165.644,-23.8507
-156.894,-26.0508
-148.594,-27.9342
-139.8107,-39.3008
-137.944,-26.4675
-133.094,-38.0508
-131.394,-28.4342
-175.595,31.658
-177.327,31.973
-179.182,32.408
177.077,33.132
-125.142,15.15
175.63,40.34
179.727,39.347
-178.622,38.94
-178.572,38.935
-177.39,38.677
-174.485,37.725
-168.843,33.738
-165.717,31.73
-164.315,30.667
-164.44,30.687
-125.162,15.148
-164.407,30.633
-164.348,30.66
-161.157,27.533
-160.303,25.258
-125.138,15.043
-154.29,22.972
-150.572,27.572
-126.622,14.908
-147.983,30.011
-144.52,33.045
-141.023,36.013
-138.505,37.52
-136.02,39.002
-132.907,36.023
-130.105,32.985
-126.615,33.122
-122.813,33.275
-126.8,13.257
-128.602,13.142
-130.29,13.195
-113.962,20.947
-113.073,16.932
-113.953,20.93
-113.958,20.908
-113.932,20.943
-113.968,20.882
-113.988,20.952
-113.972,20.935
-113.992,20.972
-116.228,14.97
-113.97,20.913
-113.933,20.963
-113.96,20.95
-115.16,19.793
-115.262,19.668
-115.305,19.608
-115.328,19.695
-117.152,14.438
-122.458,12.53
-166.083,19.978
-169.325,10.283
-118.875,14.207
-166.89,6.843
-166.858,6.857
-167.02,6.827
-166.883,6.783
-156.317,7.8
-154.822,7.83
-153.915,8.095
-120.813,13.905
-152.603,8.098
-152.805,7.945
-150.993,8.273
-148.932,8.542
-147.532,8.74
-147.59,8.727
-147.778,8.575
-146.668,8.965
-122.307,13.673
-145.807,8.955
-145.0,9.035
-145.11,8.98
-146.332,9.657
-148.072,11.132
-123.703,14.247
-148.325,10.978
-148.382,11.03
-148.498,11.018
-146.448,11.933
-148.662,11.803
-150.308,11.97
-149.183,11.487
-125.167,15.1
-148.578,11.513
-161.008,23.495
-163.647,25.062
-165.962,26.503
-169.05,28.397
-172.27,30.277
-174.022,31.33
-174.03,31.288
-174.035,31.257
155.5833,-36.25
-175.033,-12.1
-154.5,8.6
171.283,21.883
171.583,22.017
-149.95,9.9003
-154.8,14.317
-157.067,15.817
-124.1,23.717
-130.067,20.067
-145.7667,12.0336
-156.05,-3.7496
-160.95,-4.283
-168.283,-4.233
-155.7833,-3.8997
-155.783,-3.9
-168.917,-8.75
-170.85,-7.683
-170.617,-9.617
-166.583,-8.017
178.45,18.05
171.6,22.05
-178.05,29.083
-174.283,17.85
-179.4,18.55
-25.2933,31.4117
-25.29333,31.41166
-25.2999,31.413
-159.9517,-21.6867
-160.1167,-22.5433
-160.14,-23.485
-160.07,-25.2167
-160.065,-26.0767
-160.015,-27.6517
-159.9533,-28.695
-159.9333,-29.4917
-160.0217,-31.7433
-160.0133,-32.675
-160.0667,-35.455
-160.08,-36.3767
-162.9833,-39.8683
-166.6483,-27.175
-166.0483,-26.6433
-165.0367,-25.695
-164.04,-24.6417
-163.6833,-24.355
-163.6767,-24.3717
-163.705,-24.36
-162.88,-23.5433
-162.9017,-23.535
-162.08,-22.9367
-161.4833,-22.4183
-160.8733,-21.895
-160.9133,-21.8967
128.7367,17.5867
-163.1667,13.0833
-161.75,16.1
-162.5167,15.0333
-163.15,12.9667
-155.4833,12.0833
-146.7667,9.7333
-57.38,29.37
-57.3333,29.3
-57.3833,29.2833
-69.1,32.216667
158.0632,32.6662
158.2512,32.7182
158.3742,36.1345
158.8382,37.3933
158.9508,35.2617
159.1937,36.5192
162.9152,37.3917
163.1253,37.8048
163.8943,39.8652
163.9132,39.8377
165.4587,37.6263
165.4945,37.9518
169.3022,36.4503
143.32545,12.5038
143.59711,12.47714
143.61344,12.51361
-31.4667,38.3667
-114.4667,19.55
-114.733,19.767
-114.2,19.333
-112.7,21.3
-114.45,20.75
-95.383,11.667
-114.967,20.533
-113.0,16.783
-111.833,14.467
-119.367,21.083
-118.017,20.8
-119.167,22.45
-144.0133,-11.4733
-169.15,34.867
-163.45,37.533
-160.283,37.85
-155.217,26.167
-154.517,32.4
-154.1,47.983
177.067,31.833
-127.203,39.48
-139.87,8.95
-139.83,-0.863
-139.737,0.098
-134.955,-11.997
144.4383,19.145
150.51,23.7967
154.0183,16.9883
155.92,20.45
157.7517,19.5083
-113.133333,22.5
-145.95,34.1333
-76.0,30.0
-49.43,20.717
37.2333,-29.75
15.917,-35.88
-63.88,-56.22
-47.7433,-49.3533
-64.367,-55.702
-61.42,-57.07
-31.8083,-20.9833
-48.08,-49.58
-87.367,-9.517
-75.15,-23.07
-85.1,4.25
-84.6833,-8.6167
-85.8,-11.2
-80.5333,-17.2917
-14.967,-17.717
-163.3,-54.5
-142.9,-59.37
-71.95,-58.88
56.067,-26.9
-39.45,-30.93
62.6,-29.8666
70.1,-30.633
67.267,-30.333
124.483,-37.833
-24.68,-13.07
-132.8166,-59.3666
8.2667,-31.6583
-24.6833,-13.0666
-68.45,-61.583
-68.333,-61.867
8.617,-31.7
22.083,-37.97
35.183,-50.05
36.767,-50.0
56.1,-29.45
61.033,-27.25
62.617,-29.87
78.667,-29.97
5.433,-30.967
101.13,-33.52
-36.067,-48.567
-46.9666,-45.3666
-36.0666,-48.5666
-35.8833,-50.25
-43.35,-47.5833
-74.933,-60.133
-75.117,-62.2
17.067,-38.167
-150.0,13.733
-152.5,10.15
-151.45,10.25
-149.45,10.35
-148.5,9.32
-150.375,9.2
-152.3,9.025
-151.4,8.05
-150.3,8.2
-148.3,8.4
-147.25,8.48
-146.3,8.59
-147.05,11.1
-153.083,8.933
-154.6,9.767
-154.583,9.75
-150.717,8.15
-152.316,8.0354
-152.227,8.0726
-150.933,9.917
-150.283,8.45
-149.417,8.483
-149.1,7.75
-149.033,7.4
-150.95,9.883
-148.733,9.35
-148.637,10.277
-153.383,14.117
-150.233,12.6
-150.167,12.65
-149.067,12.717
-148.933,11.817
-151.117,11.583
-152.233,11.45
-143.708,11.473
-153.55,9.7
-153.6,9.733
-149.517,6.733
-149.533,6.717
-139.667,7.617
-151.783,7.433
-150.833,8.5
-150.8,8.467
-149.917,8.833
-149.867,8.783
-150.045,9.728
-151.967,9.367
-152.033,9.383
-152.167,10.467
-151.083,10.533
-150.033,10.633
-154.833,11.483
17.635,-36.39
6.17,-30.5817
-116.62833,-13.3
111.867,-15.083
104.817,-15.6
55.788,7.487
82.912,-15.128
170.1167,44.1567
149.725,32.86
80.533,-8.24
99.153,-33.3
153.9667,19.9167
153.9,17.6333
153.8333,10.8667
-173.65,23.9167
-174.05,15.7133
-172.8733,-3.2833
173.11,12.34
141.72,17.0033
141.805,15.065
133.498,4.948
135.4983,4.9483
138.8483,3.32
-175.6967,40.4017
-172.9417,34.9967
-166.4617,35.0267
-159.8983,40.125
-135.7817,40.3333
-137.8833,35.1133
-120.7033,29.9467
-125.9167,29.9667
-144.2,24.9167
-144.09,24.8383
-132.2833,24.9317
-117.8333,24.9667
-113.3833,24.9333
-113.4167,24.965
-113.95,19.9833
-113.945,19.99
-120.2667,19.8
-120.29,19.7667
-126.1,19.95
-130.0167,20.0
-130.02,20.005
-150.6667,20.04
-161.1483,20.0333
-171.6283,20.045
179.9667,24.0
175.665,23.9983
174.9833,24.0167
170.9667,23.955
167.4,24.0333
160.765,24.065
153.8167,26.0667
113.833,-10.183
111.5833,-15.9833
105.1,-20.0333
89.8833,-29.7167
89.9833,-26.3167
55.9,-16.0167
53.5833,-14.9
66.015,6.873
73.9833,-5.7167
70.9267,-16.7417
71.1733,-19.4683
71.2733,-30.0467
71.2833,-36.0333
71.26,-39.4983
82.9,-27.4217
104.638,-10.902
-140.0167,10.5117
-139.8833,-2.1
-140.2217,-7.1333
-154.075,-6.9817
-154.2983,-2.9833
-153.6917,7.9217
-154.125,11.285
-176.1083,12.965
-176.28,11.2583
-176.0733,5.975
-176.1217,-0.0533
161.93,7.6583
159.9583,13.4467
105.15,-11.985
108.3167,-26.8
103.917,-32.8
91.6667,-23.9167
91.633,-22.363
91.6333,-22.3633
91.4167,-20.9
91.37,-9.287
76.8833,-12.0167
79.1333,-12.0
80.5333,-8.3667
54.86,-13.465
60.3383,-23.0267
-161.5267,-18.5967
-159.9233,-24.0
-159.8333,-26.02
-158.75,-27.9833
-156.8383,-25.9633
-152.2333,-20.4917
-160.17,-15.8217
-160.3667,-14.065
-160.44,-12.085
-160.55,-8.08
-159.8783,-0.0033
-159.1467,12.0483
-157.78,26.125
-179.8667,0.3337
-179.75,0.3217
-170.7333,-23.1967
-166.695,-25.18
-164.8417,-26.2783
-163.6467,-26.67
-163.7333,-26.5167
-161.3367,-24.92
-161.35,-24.9667
-160.9733,-23.2133
-161.4167,-23.2183
-160.7917,-22.6633
-160.792,-22.663
-163.08,-20.085
-163.1167,-20.0167
-161.9833,-19.755
-157.5317,-21.82
-157.135,-22.7208
-153.2467,-19.0867
-153.25,-19.1
-152.0833,-18.4
-153.155,-14.3333
-155.155,-12.155
-155.9833,-11.0967
-156.2,-11.0617
-153.5217,11.11
-153.3783,10.97
-170.83,20.5167
-170.5483,20.695
175.37,22.1333
174.655,22.41
173.74,22.7583
171.9,23.45
170.3133,24.3333
168.02,25.55
167.8967,25.6267
167.4317,25.9517
166.1417,26.6567
165.535,26.8583
165.3667,26.85
165.4133,26.8433
164.5117,27.13
162.9283,27.8533
146.567,37.5
150.055,35.125
150.0867,35.165
149.802,36.205
149.8,36.2
151.318,33.805
155.302,30.013
155.2833,30.0167
160.625,26.4733
160.653,26.473
164.637,23.377
164.937,16.98
152.463,21.702
152.4633,21.7017
156.603,32.437
156.6033,32.4367
156.823,32.368
156.8233,32.3683
168.3333,33.575
173.4767,32.17
177.3017,26.9767
-179.9833,20.2667
-179.4333,18.3917
179.6467,13.2633
179.5033,12.4833
179.8133,12.1933
-179.8483,0.2467
-160.6583,-22.88
-160.708,-22.793
-160.863,-22.808
-160.873,-22.818
-160.872,-22.802
-160.842,-22.698
-160.783,-22.657
-160.707,-22.768
-160.81,-22.648
-160.678,-22.725
-160.682,-22.708
-160.8467,-22.6983
-160.78,-22.758
-160.87,-22.785
-160.84,-22.653
-160.94,-22.763
-160.952,-22.782
-160.705,-22.678
-160.732,-22.707
-160.752,-22.738
-160.693,-22.575
-160.795,-22.718
-160.845,-22.73
-160.92,-22.693
-160.923,-22.62
-160.917,-22.622
-160.938,-22.63
-160.853,-22.795
-161.035,-23.4333
-162.2467,-27.2333
-171.6517,-33.0
-164.59,-15.5733
-160.5083,-13.0333
-160.7467,-12.91
-159.0,-11.1033
-158.1633,-5.015
-157.8033,13.1333
-169.1217,20.105
-170.6667,19.98
-175.1,18.517
-178.3467,18.32
177.1867,18.5267
171.9767,18.6167
171.977,18.617
171.148,19.047
171.1483,19.0467
170.9517,19.2567
163.22,21.1667
161.5267,22.3333
161.527,22.333
160.87,22.6583
157.3833,23.8667
152.2167,26.5533
151.4167,26.9667
128.13,18.6133
128.235,17.89
104.68,-9.14
104.63,-10.82
104.53,-11.13
102.9,-11.82
99.82,-11.58
91.25,-13.02
88.9,-12.77
89.37,-11.12
98.5,-14.31
98.48,-14.38
99.91,-15.78
102.86,-15.56
133.415,11.1167
132.985,15.7083
132.91,16.68
133.0383,18.08
90.28,-16.63
-84.68333,-8.61667
-80.53333,-17.29167
-61.4166,-57.0666
-74.9166,-60.125
-159.4166,-12.45
-158.3166,-12.425
-149.5333,-14.3
-154.8833,-17.8666
-60.2166,38.0666
-145.8666,14.4166
-141.1833,14.4666
-128.9,10.6166
-160.31667,34.9
-159.7,31.5166
-159.1833,28.4
-157.03333,29.25
-157.0,27.25
-147.75,13.1666
-145.1333,12.3166
-136.01667,9.8
164.83333,34.05
2.15,-32.3666
178.95,9.2833
-51.75167,24.95333
-27.005,42.3316
-22.2083,43.9933
-21.86,43.745
-58.132,24.358
99.0666,-18.6166
100.95,-18.5333
146.117,36.8
149.192,14.967
24.0536,-39.1215
24.7551,-39.7706
27.147,-42.4346
28.3945,-41.2641
52.333,-8.25
52.425,-9.208
55.49,-25.115
57.727,13.977
88.467,-5.733
-107.8,22.3
-117.315,14.392
-117.307,14.385
-117.313,14.387
-117.312,14.389
-130.012,44.348
-129.995,44.335
-84.747,-10.197
-84.3,-17.487
-84.297,-17.493
-73.745,-23.032
-71.812,-23.245
-129.949,48.341
-153.032,8.369
-152.9855,8.3554
-152.9848,8.3596
-152.9857,8.3635
-152.989,8.375
-152.987,8.3717
-152.9915,8.3828
-152.9688,8.2728
-152.97,8.272
-152.968,8.281
-152.9683,8.2948
-152.965,8.296
-152.964,8.305
-152.959,8.321
-149.05,16.05
-153.016,8.347
-153.031,8.332
-153.0259,8.3245
-153.037,8.319
-153.04,8.315
-153.047,8.306
-153.0333,3.9667
-153.039,8.381
-153.0565,8.3734
10.4833,-9.2
-125.675,28.978333
-168.85666,9.94483
-175.02316,8.8515
-170.52783,8.21316
-157.97383,19.20316
-167.379,9.88533
-107.323,-6.26
-107.303,-6.043
-107.277,-6.25
-107.093,-6.082
-106.288,-6.652
-102.573,-13.633
-102.525,-13.613
-102.045,-13.638
-101.193,-13.66
-114.575,-31.017
-113.35,-31.15
-113.335,-31.023
-112.88,-31.14
-112.717,-31.083
-112.438,-31.12
-112.277,-31.145
-111.8,-31.285
-111.62,-31.112
-111.617,-31.282
-111.608,-30.99
-109.298,-32.575
-109.208,-32.478
-106.932,-28.832
-105.913,-32.635
-102.268,-32.647
-101.287,-24.538
-98.577,-32.695
-97.298,-22.735
-96.852,-32.733
-96.243,-32.708
-95.59,-32.697
-95.112,-32.753
-94.7,-32.773
-94.645,-32.273
-94.548,-32.528
-94.223,-32.51
-93.87,-32.463
-93.417,-20.77
-79.528,-32.847
-145.588,20.123
-129.342,22.578
-124.46,22.562
-119.29,21.017
-119.03,25.407
-118.052,25.225
-113.957,20.253
-113.728,24.148
-151.263,33.145
-151.015,33.438
-150.998,33.197
-150.985,33.455
-150.912,33.442
-150.902,33.168
-150.7,33.422
148.783,26.867
145.983,38.017
162.4,37.267
-147.483,26.7
170.333,40.267
147.65,27.933
